question,answer
"What is malaria?","Malaria is a life-threatening disease caused by Plasmodium parasites, transmitted to people through the bites of infected mosquitoes."
"How is malaria diagnosed?","Malaria is commonly diagnosed by examining stained blood smears under a microscope or using rapid diagnostic tests (RDTs)."
"What are common symptoms of malaria?","Common symptoms include fever, chills, headache, nausea, vomiting, and fatigue. Severe cases can lead to anemia and organ failure."
"How can malaria be prevented?","Prevention includes mosquito control (nets, indoor spraying), antimalarial prophylaxis for travelers, and prompt treatment of cases."
"What data is needed for outbreak forecasting?","Historical case counts, weather (rainfall, temperature), region metadata (population, health infrastructure), and time series of reported cases."
"Which machine learning models are effective for malaria outbreak forecasting?","Time series models like ARIMA, LSTM neural networks, and ensemble methods such as Random Forests have shown effectiveness in forecasting malaria outbreaks."
"What are the challenges in malaria outbreak forecasting?","Challenges include data quality and availability, environmental variability, human behavior factors, and the complexity of malaria transmission dynamics."
question,answer
"What is malaria?","Malaria is a life-threatening disease caused by Plasmodium parasites, transmitted to people through the bites of infected Anopheles mosquitoes."
"How is malaria diagnosed?","Malaria is commonly diagnosed by examining stained blood smears under a microscope or using rapid diagnostic tests (RDTs). Molecular tests (PCR) can confirm species in specialized labs."
"What are common symptoms of malaria?","Common symptoms include fever, chills, headache, nausea, vomiting, and fatigue. Severe cases can cause anemia, breathing difficulties, organ failure, and altered consciousness."
"How can malaria be prevented?","Prevention includes using insecticide-treated bed nets, indoor residual spraying, removing mosquito breeding sites, wearing protective clothing, and using antimalarial prophylaxis for travelers."
"What data is needed for outbreak forecasting?","Historical case counts, weather (rainfall, temperature, humidity), population and mobility data, health system reporting rates, and region metadata (population density, healthcare access) are commonly used."
"What causes malaria severity?","Severity is driven by parasite species (P. falciparum often more severe), high parasite load, delayed treatment, young age, pregnancy, immunosuppression, and co-existing conditions (e.g., malnutrition)."
"What are the signs of severe malaria?","Signs include persistent high fever, severe anemia, jaundice, difficulty breathing, seizures, confusion or coma, low blood pressure, and organ dysfunction—seek emergency care immediately."
"Who is most at risk of severe malaria?","Young children under 5, pregnant women, non-immune travelers, and people with weakened immune systems are at highest risk for severe outcomes."
"What is the incubation period of malaria?","Incubation typically ranges from 7 to 30 days depending on species; P. falciparum often 9–14 days, while P. vivax and P. ovale can relapse months or years later from dormant liver stages."
"How does P. falciparum differ from P. vivax?","P. falciparum often causes the most severe disease and highest mortality; P. vivax and P. ovale can form dormant liver hypnozoites that cause relapses if not treated with a radical cure."
"What is first-line treatment for uncomplicated malaria?","Artemisinin-based combination therapies (ACTs) are the recommended first-line treatment for uncomplicated P. falciparum malaria in most regions."
"What is ACT (Artemisinin-based combination therapy)?","An ACT combines an artemisinin derivative (fast-acting) with a partner drug (longer half-life) to rapidly reduce parasite load and prevent resistance."
"What are Rapid Diagnostic Tests (RDTs)?","RDTs detect parasite antigens in a fingerprick blood sample and give results in 15–30 minutes. They are useful in low-resource settings but vary in species sensitivity."
"Are RDTs reliable?","RDTs are reliable for detecting many P. falciparum infections but may be less sensitive for low parasite densities and some non-falciparum species; microscopy and PCR provide confirmatory testing."
"What lab tests confirm malaria species?","Microscopy (thick and thin blood smears) is standard for species ID and parasite quantification; PCR is the most sensitive and specific but is used mainly in reference labs."
"Can malaria be cured?","Yes—appropriate antimalarial treatment cures the blood infection. For P. vivax and P. ovale, additional treatment (primaquine or tafenoquine) is needed to clear liver hypnozoites and prevent relapse."
"What is antimalarial drug resistance?","Resistance is when parasites survive treatment doses. Resistance to older drugs (e.g., chloroquine) is widespread; monitoring and using ACTs help manage resistance development."
"When should someone with suspected malaria seek emergency care?","If they have severe symptoms—difficulty breathing, persistent vomiting, seizures, confusion, inability to drink, or very high fever—they should seek emergency medical care immediately."
"Can malaria recur after treatment?","Yes—relapse can occur with P. vivax and P. ovale due to dormant liver stages; reinfection is also possible in endemic areas without prevention."
"What role do mosquitoes play in transmission?","Only female Anopheles mosquitoes transmit malaria by injecting sporozoites when they bite; controlling these vectors reduces transmission significantly."
"How effective are insecticide-treated bed nets?","Insecticide-treated nets (ITNs) dramatically reduce malaria incidence and child mortality in endemic areas when used consistently and replaced as needed."
"What is intermittent preventive treatment (IPT)?","IPT gives full therapeutic doses of antimalarial drugs at scheduled times to high-risk groups (e.g., pregnant women or infants) to prevent disease during vulnerable periods."
"Is there a malaria vaccine?","There are vaccines (e.g., RTS,S/AS01) piloted or recommended in some high-burden settings. Vaccination is an additional tool and does not replace vector control or treatment."
"How is a malaria outbreak detected?","Public health systems detect outbreaks by monitoring surveillance data for sudden increases in reported cases above expected thresholds and investigating clusters by region and time."
"What environmental factors influence malaria outbreaks?","Rainfall, temperature, humidity, vegetation, and human mobility affect mosquito breeding and parasite development—these are key inputs for forecasting models."
"How do you prepare data for malaria forecasting models?","Aggregate consistent case counts (by time and region), align weather and mobility features to the same time resolution, handle missing values, and create lagged features and seasonal indicators."
"Which forecasting methods are commonly used?","Classical methods: ARIMA/SARIMA for low-frequency series; Prophet for trend/seasonality; machine learning (random forests, XGBoost) and LSTM/seq2seq for richer, higher-frequency datasets."
"What performance metrics are used for outbreak forecasts?","Common metrics include MAE, RMSE, and MAPE; for public health decisions also consider lead time, detection accuracy of peaks, and false alarm rate."
"How can a simple ML risk model be built for malaria?","Collect labeled examples with symptoms, recent travel, local weather and case lags; preprocess features, train classifiers (logistic regression, random forest), evaluate ROC-AUC and calibration, and produce per-case risk probabilities."
"What are ethical considerations when building malaria models?","Protect patient privacy, avoid biased models that harm vulnerable groups, clearly communicate uncertainty, and ensure models augment rather than replace clinician/public health judgement."
"When should models be retrained?","Retrain when there is significant data drift (changes in reporting, seasonality, interventions), after major outbreaks, or on a regular schedule (e.g., quarterly) depending on data volume."
